IMG_0001.jpg,3
IMG_0002.jpg,4
IMG_0003.jpg,2
IMG_0004.jpg,2
IMG_0005.jpg,1
IMG_0006.jpg,3
IMG_0007.jpg,4
IMG_0008.jpg,5
IMG_0009.jpg,4
IMG_0010.jpg,5
IMG_0011.jpg,3
IMG_0012.jpg,5
IMG_0013.jpg,3
IMG_0014.jpg,1
IMG_0015.jpg,4
IMG_0016.jpg,4
IMG_0017.jpg,4
IMG_0018.jpg,1
IMG_0019.jpg,2
IMG_0020.jpg,2
IMG_0021.jpg,4
IMG_0022.jpg,1
IMG_0023.jpg,4
IMG_0024.jpg,3
IMG_0025.jpg,1
IMG_0026.jpg,3
IMG_0027.jpg,4
IMG_0028.jpg,5
IMG_0029.jpg,4
IMG_0030.jpg,4
IMG_0031.jpg,4
IMG_0032.jpg,5
IMG_0033.jpg,2
IMG_0034.jpg,2
IMG_0035.jpg,5
IMG_0036.jpg,3
IMG_0037.jpg,5
IMG_0038.jpg,2
IMG_0039.jpg,4
IMG_0040.jpg,5
IMG_0041.jpg,5
IMG_0042.jpg,1
IMG_0043.jpg,4
IMG_0044.jpg,1
IMG_0045.jpg,1
IMG_0046.jpg,4
IMG_0047.jpg,1
IMG_0048.jpg,1
IMG_0049.jpg,4
IMG_0050.jpg,2
IMG_0051.jpg,1
IMG_0052.jpg,3
IMG_0053.jpg,3
IMG_0054.jpg,2
IMG_0055.jpg,1
IMG_0056.jpg,5
IMG_0057.jpg,1
IMG_0058.jpg,2
IMG_0059.jpg,4
IMG_0060.jpg,3
IMG_0061.jpg,2
IMG_0062.jpg,1
IMG_0063.jpg,3
IMG_0064.jpg,4
IMG_0065.jpg,4
IMG_0066.jpg,5
IMG_0067.jpg,2
IMG_0068.jpg,4
IMG_0069.jpg,3
IMG_0070.jpg,5
IMG_0071.jpg,1
IMG_0072.jpg,5
IMG_0073.jpg,1
IMG_0074.jpg,2
IMG_0075.jpg,1
IMG_0076.jpg,5
IMG_0077.jpg,2
IMG_0078.jpg,4
IMG_0079.jpg,2
IMG_0080.jpg,2
IMG_0081.jpg,3
IMG_0082.jpg,4
IMG_0083.jpg,1
IMG_0084.jpg,5
IMG_0085.jpg,5
IMG_0086.jpg,2
IMG_0087.jpg,4
IMG_0088.jpg,2
IMG_0089.jpg,4
IMG_0090.jpg,3
IMG_0091.jpg,1
IMG_0092.jpg,1
IMG_0093.jpg,2
IMG_0094.jpg,1
IMG_0095.jpg,4
IMG_0096.jpg,4
IMG_0097.jpg,2
IMG_0098.jpg,5
IMG_0099.jpg,3
IMG_0100.jpg,1
